"GRCCA1","GRCCA2","GRCCA3","GRCCA4","GRCCA5","GRCCA6"
0.0753156094789894,0.16335549453481,0.141322144378285,0.00454280721911675,-0.0495535484930389,0.0626012325430593
