"GRCCA1","GRCCA2","GRCCA3","GRCCA4","GRCCA5","GRCCA6"
0.940341061603871,0.952259564290008,0.967911301385912,0.970099499393523,0.97456701628412,0.970270283126123
