"q","GRCCA1","GRCCA2","GRCCA3","GRCCA4","GRCCA5","GRCCA6"
"AngAffect_Unadj",0.0266229600413103,-0.0183879760732753,0.148732224464102,-0.0671765812892255,0.0868594127026941,-0.014615802489557
"AngHostil_Unadj",-0.00852408781979682,0.0719585107676256,-0.013454062384142,-0.0657548016476536,-0.0363729939960277,0.0913780082809993
"AngAggr_Unadj",0.0999526968586947,-0.0226757484899668,-0.050709248140845,0.0325456017407318,0.0413554776598539,0.00432092500445479
"FearAffect_Unadj",-0.0257716757311581,-0.0685551875226498,0.0107953471191392,0.132298586867049,-0.0273229165125031,0.13163036463111
"FearSomat_Unadj",-0.0709438531508552,-0.0157908746282101,-0.0771580149160618,-0.058703247296349,0.0702557433175458,-0.0154775982014563
"Sadness_Unadj",0.028719956086386,-0.0528727442745682,-0.0812569493553548,-0.0632989888619004,-0.115933181015542,-0.113942885619439
