"","RCCA1","RCCA2","RCCA3","RCCA4","RCCA5","RCCA6"
"AngAffect_Unadj",-0.0170361413406403,0.0340149362991759,0.00406429125205299,0.140326875425865,0.0873302433883654,0.0769811917090971
"AngHostil_Unadj",0.0484228606146829,-0.0884045200883767,0.0627642528558648,-0.0195798758652919,0.060957850086492,-0.0319070671279558
"AngAggr_Unadj",0.0865719298581035,0.0548714833194566,-0.063610932718293,-0.0143539173830586,-0.0109288602498973,-0.00682799413777326
"FearAffect_Unadj",-0.0461453036018455,-0.0326620428997434,-0.110897212781809,0.00410662211768954,0.0149779772016061,-0.154432884143135
"FearSomat_Unadj",-0.0321774607286541,0.0167180534532422,0.00081904894804843,-0.10221280890247,0.0558795680406541,0.0679736723275245
"Sadness_Unadj",0.026378001857309,-0.0574748781071695,-0.0067607000609358,-0.0515418572517844,-0.14488820250326,0.112995546541114
