"RCCA1","RCCA2","RCCA3","RCCA4","RCCA5","RCCA6"
0.131353143905172,0.149856406729438,0.164297114009419,0.00495516573642007,-0.0710910169346728,0.117534942449596
