"RCCA1","RCCA2","RCCA3","RCCA4","RCCA5","RCCA6"
0.886164686744846,0.948257232084901,0.945828069655684,0.945189297076325,0.951933077044014,0.957396722300339
