"RCCA1","RCCA2","RCCA3","RCCA4","RCCA5","RCCA6"
0.170148347641939,0.0896256017823121,0.166452229360763,0.147981755825178,-0.0398738398990947,-0.0308678358027727
