"RCCA1","RCCA2","RCCA3","RCCA4","RCCA5","RCCA6"
0.858691451550036,0.909232423269635,0.945253240839554,0.952323915054083,0.953676545499125,0.956835462820789
