"RCCA1","RCCA2","RCCA3","RCCA4","RCCA5","RCCA6"
0.134501228916616,0.0789583989448812,0.143742541849594,-0.023718350350944,-0.0573783878528386,0.0941863995985872
