"GRCCA1","GRCCA2","GRCCA3","GRCCA4","GRCCA5","GRCCA6"
0.174973872697001,0.0714466233905291,0.141777468863531,0.17481672169909,-0.043782504833413,-0.0345203259533119
