"RCCA1","RCCA2","RCCA3","RCCA4","RCCA5","RCCA6"
0.131353143905159,0.149856406729441,0.164297114009423,0.00495516573642467,-0.071091016934671,0.117534942449595
