"RCCA1","RCCA2","RCCA3","RCCA4","RCCA5","RCCA6"
0.991616466660703,0.992921257268422,0.992772092491087,0.994229435542739,0.994810547761994,0.993609836294735
