"","GRCCA1","GRCCA2","GRCCA3","GRCCA4","GRCCA5","GRCCA6"
"AngAffect_Unadj",-0.0293833323494996,-0.00904882424870895,-0.0400605380970355,0.0560111848426138,-0.0810584449434182,0.149834039001887
"AngHostil_Unadj",0.00180188334844701,0.0615064230122134,0.0849287251805319,0.0444929201170388,-0.063330982546747,-0.0471928754206486
"AngAggr_Unadj",-0.100769260953992,-0.0263534260753897,-0.0423519006126827,-0.00245723291903251,0.0210138759972568,-0.0428225925674062
"FearAffect_Unadj",0.0198414104056274,0.0690813019453671,-0.0877733572261325,-0.124743711674308,-0.0703470535942317,-0.0787739684726553
"FearSomat_Unadj",0.0563829652744177,-0.00875989398302092,-0.0393495499993309,0.107391031775541,0.0407241322168044,-0.0388652471716639
"Sadness_Unadj",-0.017689095028045,0.0355160266517484,0.0613537336583313,0.00125500853727552,0.185832847398216,0.0242491316964686
