"GRCCA1","GRCCA2","GRCCA3","GRCCA4","GRCCA5","GRCCA6"
0.890691840523185,0.950518934160012,0.947191068485474,0.949724838601185,0.952904741426954,0.957013339220571
