"GRCCA1","GRCCA2","GRCCA3","GRCCA4","GRCCA5","GRCCA6"
0.174973872697001,0.0714466233905306,0.141777468863528,0.174816721699089,-0.0437825048334146,-0.0345203259533089
