"GRCCA1","GRCCA2","GRCCA3","GRCCA4","GRCCA5","GRCCA6"
0.0753156094789872,0.163355494534814,0.141322144378286,0.00454280721911853,-0.0495535484930376,0.0626012325430551
