"RCCA1","RCCA2","RCCA3","RCCA4","RCCA5","RCCA6"
0.0850404828047516,0.0781242109390822,0.0207673671843149,0.0408488099389886,0.00492377822398376,0.0753095608799009
