"RCCA1","RCCA2","RCCA3","RCCA4","RCCA5","RCCA6"
0.999999999999999,0.999999999999999,0.999999999999999,0.999999999999997,0.999999999999955,0.999999999999864
