"RCCA1","RCCA2","RCCA3","RCCA4","RCCA5","RCCA6"
0.17014834764194,0.0896256017823135,0.166452229360768,0.147981755825173,-0.0398738398990915,-0.0308678358027797
