"GRCCA1","GRCCA2","GRCCA3","GRCCA4","GRCCA5","GRCCA6"
0.538584998642468,0.782314271686654,0.768222339619703,0.786605558498191,0.871849646120677,0.901050317483751
