"GRCCA1","GRCCA2","GRCCA3","GRCCA4","GRCCA5","GRCCA6"
0.0991007054852033,0.0537413972287962,0.0716418707655113,-0.0785360131623164,0.10704268299905,0.0797123847632189
