"GRCCA1","GRCCA2","GRCCA3","GRCCA4","GRCCA5","GRCCA6"
0.529218367313442,0.456689606517646,0.435876897452944,0.431088014405451,0.406228655098251,0.390098866990293
