"GRCCA1","GRCCA2","GRCCA3","GRCCA4","GRCCA5","GRCCA6"
-0.00103446242979208,0.156625588960039,0.0555859144723618,-0.0428198690861701,0.00509717031487341,-0.000909323081605691
